source_code,source_unit,target_code,target_unit,target_display,conversion_function
586526,0,94759-8,,SARS-CoV-2 (COVID-19) RNA [Presence] in Nasopharynx by NAA with probe detection,
1001862,8587,93635-1,,Right atrial End-systolic volume by US.2D.A4C,
1001973,8582,93643-5,,Right ventricular Major axis diastole [Length] by US.2D.A4C,
1002325,0,93633-6,,Heart Left ventricular outflow tract/Maximum blood flow aortic valve by US.doppler,
1988202,0,99597-7,,SARS-CoV-2 (COVID-19) S protein IgG Ab [Presence] in Serum or Plasma by Immunoassay,
3000034,8751,14957-5,,Microalbumin [Mass/volume] in Urine,
3000081,8751,14656-3,,cloZAPine [Moles/volume] in Serum or Plasma,
3000208,8749,14590-4,,Alpha tocopherol [Moles/volume] in Serum or Plasma,
3000213,8907,15083-9,,Normetanephrine [Moles/time] in 24 hour Urine,
3000285,0,2947-0,,Sodium [Moles/volume] in Blood,
3000285,8753,2947-0,,Sodium [Moles/volume] in Blood,
3000330,0,5811-5,,Specific gravity of Urine by Test strip,
3000351,8617,3139-3,,Body surface area Measured,
3000483,8753,2339-0,,Glucose [Mass/volume] in Blood,
3000483,8840,2339-0,,Glucose [Mass/volume] in Blood,
3000526,8582,18085-1,,Left ventricular Internal diameter minor axis systole by US 2D,
3000570,8720,25907-7,,Elastase.pancreatic [Mass/mass] in Stool,
3000572,8582,18016-6,,Aortic valve annulus Diameter by US,
3000620,8636,4485-9,,Complement C3 [Mass/volume] in Serum or Plasma,
3000963,8636,718-7,,Hemoglobin [Mass/volume] in Blood,
3001079,0,890-4,,Blood group antibody screen [Presence] in Serum or Plasma,
3001122,8748,2276-4,,Ferritin [Mass/volume] in Serum or Plasma,
3001123,8583,28542-9,,Platelet mean volume [Entitic volume] in Blood,
3001149,0,6006-1,,Protein C [Units/volume] in Platelet poor plasma by Chromogenic method,
3001405,8554,14135-8,,CD3+CD8+ (T8 suppressor) cells [#/volume] in Blood,
3001405,9444,14135-8,,CD3+CD8+ (T8 suppressor) cells [#/volume] in Blood,
3001490,9444,30392-5,,Nucleated erythrocytes [#/volume] in Blood,
3001604,9444,26484-6,,Monocytes [#/volume] in Blood,
3001788,0,14586-2,,Aldosterone [Moles/volume] in Serum or Plasma,
3001802,44777612,14959-1,,Microalbumin/Creatinine [Mass Ratio] in Urine,
3002079,8910,2956-1,,Sodium [Moles/time] in 24 hour Urine,
3002385,8554,30385-9,,Erythrocyte distribution width [Ratio],
3002529,0,883-9,,ABO group [Type] in Blood,
3002532,8749,22753-8,,Iron binding capacity.unsaturated [Moles/volume] in Serum or Plasma,
3002617,8751,3298-7,,Acetaminophen [Mass/volume] in Serum or Plasma,
3002907,0,3231-8,,Coagulation factor XII activated [Units/volume] in Platelet poor plasma by Coagulation assay,
3003181,8753,2955-3,,Sodium [Moles/volume] in Urine,
3003310,0,10331-7,,Rh [Type] in Blood,
3003338,8636,28540-3,,MCHC [Mass/volume],
3003458,8753,14879-1,,Phosphate [Moles/volume] in Serum or Plasma,
3003714,0,6462-6,,Bacteria identified in Wound by Culture,
3003785,8748,2039-6,,Carcinoembryonic Ag [Mass/volume] in Serum or Plasma,
3003994,0,32546-4,,Glucose-6-Phosphate dehydrogenase [Enzymatic activity/mass] in Red Blood Cells,
3004421,8582,18170-1,,Left ventricular outflow tract Blood velocity-time integral by US.doppler,
3004775,8587,19153-6,,Volume in Urine collected for unspecified duration,
3004905,0,3040-3,,Lipase [Enzymatic activity/volume] in Serum or Plasma,
3005029,8636,2881-1,,Protein [Mass/volume] in Body fluid,
3005105,9444,30376-8,,Blasts [#/volume] in Blood,
3005133,8582,18012-5,,Ascending thoracic aorta Diameter by US,
3005322,8923,19113-0,,IgE [Units/volume] in Serum or Plasma,
3005445,0,3217-7,,Coagulation factor X activated [Units/volume] in Platelet poor plasma by Coagulation assay,
3005456,0,6298-4,,Potassium [Moles/volume] in Blood,
3005456,8753,6298-4,,Potassium [Moles/volume] in Blood,
3005673,8554,17856-6,,Hemoglobin A1c/Hemoglobin.total in Blood by HPLC,
3005673,9579,17856-6,,Hemoglobin A1c/Hemoglobin.total in Blood by HPLC,
3005719,8636,2465-3,,IgG [Mass/volume] in Serum or Plasma,
3005755,8923,1743-4,,Alanine aminotransferase [Enzymatic activity/volume] in Serum or Plasma by With P-5'-P,
3005785,8748,13969-1,,Creatine kinase.MB [Mass/volume] in Serum or Plasma,
3005807,8555,24471-5,,Platelet function (closure time) collagen+EPINEPHrine induced [Time] in Blood,
3005962,8736,15118-3,,Chromium [Moles/volume] in Blood,
3006140,8749,14631-6,,Bilirubin.total [Moles/volume] in Serum or Plasma,
3006257,8736,20427-1,,Acetylcholine receptor Ab [Moles/volume] in Serum,
3006315,9444,26444-0,,Basophils [#/volume] in Blood,
3006361,8923,20433-9,,Follitropin [Units/volume] in Serum or Plasma by 2nd IRP,
3006588,8923,6875-9,,Cancer Ag 15-3 [Units/volume] in Serum or Plasma,
3006653,8736,32554-8,,Thiamine [Moles/volume] in Blood,
3006924,0,3192-2,,Coagulation factor V activated [Units/volume] in Platelet poor plasma by Coagulation assay,
3007164,8636,2458-8,,IgA [Mass/volume] in Serum or Plasma,
3007204,0,3186-4,,Coagulation factor IX activated [Units/volume] in Platelet poor plasma by Coagulation assay,
3007220,8923,2157-6,,Creatine kinase [Enzymatic activity/volume] in Serum or Plasma,
3007234,0,608-0,,Bacteria identified in Ear by Aerobe culture,
3007368,8751,2464-6,,IgG [Mass/volume] in Cerebral spinal fluid,
3007461,9444,26515-7,,Platelets [#/volume] in Blood,
3007527,8576,9804-6,,Weight of Stone,
3007733,8753,2078-4,,Chloride [Moles/volume] in Urine,
3007808,0,2915-7,,Renin [Enzymatic activity/volume] in Plasma,
3007822,0,13438-7,,Protein Fractions [Interpretation] in Urine by Electrophoresis,
3007930,0,2614-6,,Methemoglobin/Hemoglobin.total in Blood,
3007930,8554,2614-6,,Methemoglobin/Hemoglobin.total in Blood,
3008009,0,3175-7,,Antithrombin Ag [Units/volume] in Platelet poor plasma by Immunoassay,
3008295,8862,2692-2,,Osmolality of Serum or Plasma,
3008486,8729,14920-3,,Thyroxine (T4) free [Moles/volume] in Serum or Plasma,
3008770,0,22705-8,,Glucose [Moles/volume] in Urine by Test strip,
3009035,8845,14685-2,,Cobalamin (Vitamin B12) [Moles/volume] in Serum or Plasma,
3009105,0,20409-9,,Erythrocytes [#/volume] in Urine by Test strip,
3009214,8923,10501-5,,Lutropin [Units/volume] in Serum or Plasma,
3009237,8729,30169-7,,Chromogranin A [Units/volume] in Serum or Plasma by Immunoassay,
3009461,8907,14573-0,,5-Hydroxyindoleacetate [Moles/time] in 24 hour Urine,
3009508,8749,14683-7,,Creatinine [Moles/volume] in Urine,
3009542,0,20570-8,,Hematocrit [Volume Fraction] of Blood,
3009542,8554,20570-8,,Hematocrit [Volume Fraction] of Blood,
3009542,44777604,20570-8,,Hematocrit [Volume Fraction] of Blood,
3009577,8749,14800-7,,Iron binding capacity [Moles/volume] in Serum or Plasma,
3009762,0,18303-8,,IgM [Presence] in Serum by Immunofixation,
3009814,8554,14801-5,,Iron saturation [Molar fraction] in Serum or Plasma,
3009991,0,12480-0,,Angiotensin converting enzyme [Enzymatic activity/volume] in Cerebral spinal fluid,
3010015,8749,25521-6,,Selenium [Moles/volume] in Serum or Plasma,
3010375,8748,3520-4,,cycloSPORINE [Mass/volume] in Blood,
3010421,0,11558-4,,pH of Blood,
3010503,9444,8116-6,,CD19 cells [#/volume] in Blood,
3010528,0,15359-3,,dRVVT actual/normal (normalized LA screen),
3010566,8729,14866-8,,Parathyrin.intact [Moles/volume] in Serum or Plasma,
3010589,8555,5946-9,,aPTT.factor substitution in Platelet poor plasma by Coagulation assay --immediately after addition of normal plasma,
3010813,9444,26464-8,,Leukocytes [#/volume] in Blood,
3011096,8582,18152-9,,Left ventricular posterior wall Thickness during diastole by US,
3011412,9444,8122-4,,CD3 cells [#/volume] in Blood,
3011570,8753,29765-5,,Cholesterol [Moles/volume] in Body fluid,
3011689,0,4536-9,,Deoxyhemoglobin/Hemoglobin.total in Blood,
3011933,8749,11139-3,,Metanephrine [Mass/volume] in Urine,
3011958,8749,16362-6,,Ammonia [Moles/volume] in Plasma,
3012071,0,5218-3,,Histoplasma capsulatum Ab [Presence] in Serum by Immune diffusion (ID),
3012095,8753,2601-3,,Magnesium [Moles/volume] in Serum or Plasma,
3012133,8923,1795-4,,Amylase [Enzymatic activity/volume] in Body fluid,
3012140,8876,18059-6,,Mitral valve Mean pressure gradient by US.doppler,
3012310,8749,29767-1,,Bilirubin.total [Moles/volume] in Body fluid,
3012336,8636,4542-7,,Haptoglobin [Mass/volume] in Serum or Plasma,
3012343,8923,31159-7,,Heparin anti Xa [Units/volume] in Nonbiological fluid,
3012501,0,11555-0,,Base excess in Blood by calculation,
3012501,8753,11555-0,,Base excess in Blood by calculation,
3012565,8587,3167-4,,Volume of 24 hour Urine,
3012602,8729,25474-8,,Metanephrines [Moles/volume] in Serum or Plasma,
3012693,0,30554-0,,HIV reverse transcriptase gene mutations detected [Identifier],
3012898,8753,22700-9,,Urea [Moles/volume] in Urine,
3012984,8751,10992-6,,Norclozapine [Mass/volume] in Serum or Plasma,
3013005,8749,14905-4,,Retinol [Moles/volume] in Serum or Plasma,
3013115,9444,26449-9,,Eosinophils [#/volume] in Blood,
3013176,0,5899-0,,aPTT normal/actual in Platelet poor plasma by Coagulation assay,
3013180,0,10351-5,,HIV 1 RNA [Units/volume] (viral load) in Serum or Plasma by Probe with amplification,
3013290,0,11557-6,,Carbon dioxide [Partial pressure] in Blood,
3013290,44777602,11557-6,,Carbon dioxide [Partial pressure] in Blood,
3013395,8554,10231-9,,Right ventricular Ejection fraction,
3013502,0,20564-1,,Oxygen saturation in Blood,
3013502,8554,20564-1,,Oxygen saturation in Blood,
3013603,8748,2857-1,,Prostate specific Ag [Mass/volume] in Serum or Plasma,
3013702,44777602,19254-2,,Oxygen [Partial pressure] adjusted to patient's actual temperature in Blood,
3013707,8752,4537-7,,Erythrocyte sedimentation rate by Westergren method,
3013731,8923,5193-8,,Hepatitis B virus surface Ab [Units/volume] in Serum or Plasma by Immunoassay,
3013801,0,13955-0,,Hepatitis C virus Ab [Presence] in Serum or Plasma by Immunoassay,
3013826,8753,14749-6,,Glucose [Moles/volume] in Serum or Plasma,
3014037,8554,8123-2,,CD3+CD4+ (T4 helper) cells/100 cells in Blood,
3014051,0,20454-5,,Protein [Presence] in Urine by Test strip,
3014111,8753,2524-7,,Lactate [Moles/volume] in Serum or Plasma,
3014326,8736,29775-4,,Insulin-like growth factor-I [Moles/volume] in Serum or Plasma,
3014576,8753,2075-0,,Chloride [Moles/volume] in Serum or Plasma,
3014594,8753,25549-7,,Urea [Moles/volume] in Body fluid,
3014724,8910,14684-5,,Creatinine [Moles/time] in 24 hour Urine,
3015377,8753,2000-8,,Calcium [Moles/volume] in Serum or Plasma,
3015468,0,20496-6,,Gliadin IgG Ab [Units/volume] in Serum by Immunoassay,
3015509,44777606,18037-2,,Mitral valve Peak E wave by US.doppler,
3015736,0,2756-5,,pH of Urine,
3015916,8923,19176-7,,Alpha-1-Fetoprotein [Units/volume] in Serum or Plasma,
3015968,0,19214-6,,Oxygen [Partial pressure] saturation adjusted to 0.5 in Arterial blood,
3015968,44777602,19214-6,,Oxygen [Partial pressure] saturation adjusted to 0.5 in Arterial blood,
3016038,8753,2828-2,,Potassium [Moles/volume] in Urine,
3016047,0,18038-0,,Mitral valve Peak E wave/Peak A wave by US.doppler,
3016087,0,32309-7,,Cholesterol.total/Cholesterol in HDL [Molar ratio] in Serum or Plasma,
3016228,8554,8117-4,,CD19 cells/100 cells in Blood,
3016293,0,1963-8,,Bicarbonate [Moles/volume] in Serum or Plasma,
3016293,8753,1963-8,,Bicarbonate [Moles/volume] in Serum or Plasma,
3016330,8910,2829-0,,Potassium [Moles/time] in 24 hour Urine,
3016407,8636,3255-7,,Fibrinogen [Mass/volume] in Platelet poor plasma by Coagulation assay,
3016426,8749,13964-2,,Methylmalonate [Moles/volume] in Serum or Plasma,
3016523,8923,14796-7,,Insulin [Moles/volume] in Serum or Plasma,
3016616,8749,14688-6,,Dehydroepiandrosterone sulfate (DHEA-S) [Moles/volume] in Serum or Plasma,
3016727,0,611-4,,Bacteria identified in Body fluid by Culture,
3016728,8749,20646-6,,Homocystine [Moles/volume] in Serum or Plasma,
3016771,8923,1798-8,,Amylase [Enzymatic activity/volume] in Serum or Plasma,
3017044,8923,5385-0,,Thyrotropin receptor Ab [Units/volume] in Serum,
3017446,8736,14913-8,,Testosterone [Moles/volume] in Serum or Plasma,
3017701,8582,29429-8,,Inferior vena cava Diameter by US --inspiration,
3017732,9444,26499-4,,Neutrophils [#/volume] in Blood,
3017754,44777618,24518-3,,Calcium/Creatinine [Molar ratio] in Urine,
3017765,8554,29434-8,,Left ventricular Fractional shortening minor axis by US 2D,
3017766,8636,4498-2,,Complement C4 [Mass/volume] in Serum or Plasma,
3018133,8753,2004-0,,Calcium [Moles/volume] in Urine,
3018447,0,11011-4,,Hepatitis C virus RNA [Units/volume] (viral load) in Serum or Plasma by NAA with probe detection,
3018572,0,2069-3,,Chloride [Moles/volume] in Blood,
3018572,8753,2069-3,,Chloride [Moles/volume] in Blood,
3018676,0,3174-0,,Antithrombin [Units/volume] in Platelet poor plasma by Chromogenic method,
3018677,8555,14979-9,,aPTT in Platelet poor plasma by Coagulation assay,
3018694,44777656,27978-6,,Metanephrines/Creatinine [Molar ratio] in 24 hour Urine,
3018760,0,5909-7,,Blood smear finding [Identifier] in Blood by Light microscopy,
3018851,8751,14915-3,,Theophylline [Moles/volume] in Serum or Plasma,
3018980,8751,14639-9,,carBAMazepine [Moles/volume] in Serum or Plasma,
3018994,8923,14803-1,,Lactate dehydrogenase [Enzymatic activity/volume] in Body fluid by Lactate to pyruvate reaction,
3019170,8923,11580-8,,Thyrotropin [Units/volume] in Serum or Plasma by Detection limit <= 0.005 mIU/L,
3019198,9444,26474-7,,Lymphocytes [#/volume] in Blood,
3019256,0,18161-0,,Tricuspid valve Maximum blood flow velocity by US.doppler,
3019256,44777606,18161-0,,Tricuspid valve Maximum blood flow velocity by US.doppler,
3019284,0,5195-3,,Hepatitis B virus surface Ag [Presence] in Serum,
3019420,8748,21582-2,,Tryptase [Mass/volume] in Serum or Plasma,
3019473,8636,2880-3,,Protein [Mass/volume] in Cerebral spinal fluid,
3019550,8753,2951-2,,Sodium [Moles/volume] in Serum or Plasma,
3019779,8751,14877-5,,Phenytoin [Moles/volume] in Serum or Plasma,
3019800,8725,6598-7,,Troponin T.cardiac [Mass/volume] in Serum or Plasma,
3019839,8749,15069-8,,Fructosamine [Moles/volume] in Serum or Plasma,
3019900,8753,14647-2,,Cholesterol [Moles/volume] in Serum or Plasma,
3019902,0,13317-3,,Methicillin resistant Staphylococcus aureus [Presence] in Specimen by Organism specific culture,
3020044,8753,14744-7,,Glucose [Moles/volume] in Cerebral spinal fluid,
3020059,8753,29265-6,,Calcium [Moles/volume] corrected for albumin in Serum or Plasma,
3020149,8736,1989-3,,25-hydroxyvitamin D3 [Mass/volume] in Serum or Plasma,
3020460,8751,1988-5,,C reactive protein [Mass/volume] in Serum or Plasma,
3020491,0,15074-8,,Glucose [Moles/volume] in Blood,
3020491,8753,15074-8,,Glucose [Moles/volume] in Blood,
3020508,0,18299-8,,IgA [Presence] in Serum by Immunofixation,
3020564,0,14682-9,,Creatinine [Moles/volume] in Serum or Plasma,
3020564,8749,14682-9,,Creatinine [Moles/volume] in Serum or Plasma,
3020630,8636,2885-2,,Protein [Mass/volume] in Serum or Plasma,
3020717,8749,14955-9,,Zinc [Moles/volume] in Serum or Plasma,
3020779,8753,22664-7,,Urea [Moles/volume] in Serum or Plasma,
3020876,8807,2889-4,,Protein [Mass/time] in 24 hour Urine,
3021119,0,1994-3,,Calcium.ionized [Moles/volume] in Blood,
3021119,8753,1994-3,,Calcium.ionized [Moles/volume] in Blood,
3021120,9444,30446-9,,Myelocytes [#/volume] in Blood,
3021614,8923,11572-5,,Rheumatoid factor [Units/volume] in Serum or Plasma,
3021960,8842,14732-2,,Folate [Moles/volume] in Serum or Plasma,
3022229,8753,13539-2,,Phosphate [Moles/volume] in Urine,
3022250,8923,14804-9,,Lactate dehydrogenase [Enzymatic activity/volume] in Serum or Plasma by Lactate to pyruvate reaction,
3022411,8736,14603-5,,Androstenedione [Moles/volume] in Serum or Plasma,
3022520,0,3208-6,,Coagulation factor VIII activated [Units/volume] in Platelet poor plasma by Coagulation assay,
3022533,8554,8124-0,,CD3 cells/100 cells in Blood,
3022621,0,5803-2,,pH of Urine by Test strip,
3022709,9444,26523-1,,Promyelocytes [#/volume] in Blood,
3022810,8753,2950-4,,Sodium [Moles/volume] in Body fluid,
3022914,8923,24108-3,,Cancer Ag 19-9 [Units/volume] in Serum or Plasma,
3022941,8582,18083-6,,Left ventricular Internal diameter minor axis diastole by US 2D,
3022948,8749,14798-3,,Iron [Moles/volume] in Serum or Plasma,
3023081,0,20563-3,,Carboxyhemoglobin/Hemoglobin.total in Blood,
3023081,8554,20563-3,,Carboxyhemoglobin/Hemoglobin.total in Blood,
3023103,8753,2823-3,,Potassium [Moles/volume] in Serum or Plasma,
3023368,0,600-7,,Bacteria identified in Blood by Culture,
3023520,9444,14196-0,,Reticulocytes [#/volume] in Blood,
3023614,8582,29468-6,,Left atrial Diameter anterior-posterior systole by US 2D,
3023690,8554,32137-2,,Calcium phosphate/Total in Stone,
3023764,0,32355-0,,Bacteria identified in Specimen by Respiratory culture,
3024139,8636,2468-7,,IgG subclass 3 [Mass/volume] in Serum,
3024172,8923,15061-5,,Erythropoietin (EPO) [Units/volume] in Serum or Plasma,
3024507,9444,30433-7,,Metamyelocytes [#/volume] in Blood,
3024561,8636,1751-7,,Albumin [Mass/volume] in Serum or Plasma,
3024666,8753,14334-7,,"Lithium, Blood [Moles/volume] in Serum or Plasma",
3024731,8583,30428-7,,MCV [Entitic volume],
3024929,9444,777-3,,Platelets [#/volume] in Blood by Automated count,
3024965,0,18055-4,,Tricuspid valve Maximum pressure gradient during diastole by US.doppler,
3024965,8876,18055-4,,Tricuspid valve Maximum pressure gradient during diastole by US.doppler,
3024980,8636,2469-5,,IgG subclass 4 [Mass/volume] in Serum,
3025317,0,3197-1,,Coagulation factor VII activated [Units/volume] in Platelet poor plasma by Coagulation assay,
3025431,0,11553-5,,Microscopic exam [Interpretation] of Sputum by Cytology,
3025547,8923,8098-6,,Thyroglobulin Ab [Units/volume] in Serum or Plasma,
3025839,8753,14927-8,,Triglyceride [Moles/volume] in Serum or Plasma,
3025848,8736,15119-1,,Cobalt [Moles/volume] in Blood,
3025890,8751,14626-6,,Beta-2-Microglobulin [Moles/volume] in Serum,
3026008,0,630-4,,Bacteria identified in Urine by Culture,
3026101,8753,29766-3,,Triglyceride [Moles/volume] in Body fluid,
3026179,8729,25489-6,,Normetanephrine [Moles/volume] in Serum or Plasma,
3026250,8748,11253-2,,Tacrolimus [Mass/volume] in Blood,
3026285,8636,1825-9,,Alpha 1 antitrypsin [Mass/volume] in Serum or Plasma,
3026361,8734,26453-1,,Erythrocytes [#/volume] in Blood,
3026493,8749,14933-6,,Urate [Moles/volume] in Serum or Plasma,
3026591,0,4677-1,,Protein S Free Ag [Units/volume] in Platelet poor plasma by Immunoassay,
3026687,0,18301-2,,IgG [Presence] in Serum by Immunofixation,
3026782,8862,2695-5,,Osmolality of Urine,
3026910,8923,2324-2,,Gamma glutamyl transferase [Enzymatic activity/volume] in Serum or Plasma,
3026989,8729,14928-6,,Triiodothyronine (T3) Free [Moles/volume] in Serum or Plasma,
3027135,8636,2466-1,,IgG subclass 1 [Mass/volume] in Serum,
3027238,8923,8099-4,,Thyroperoxidase Ab [Units/volume] in Serum or Plasma,
3027290,44777662,29449-6,,Mitral valve Regurgitant volume by US.doppler+Calculated by PISA method,
3027315,0,11556-8,,Oxygen [Partial pressure] in Blood,
3027315,44777602,11556-8,,Oxygen [Partial pressure] in Blood,
3027391,8555,24472-3,,Platelet function (closure time) collagen+ADP induced [Time] in Blood,
3027424,0,616-3,,Bacteria identified in Line specimen by IV Line culture,
3027456,8748,14698-5,,Digoxin [Moles/volume] in Serum or Plasma,
3027544,0,539-7,,Mycobacterium sp identified in Sputum by Organism specific culture,
3027923,8729,14633-2,,C peptide [Moles/volume] in Serum or Plasma,
3027945,8554,4679-7,,Reticulocytes/100 erythrocytes in Blood,
3028026,8636,2472-9,,IgM [Mass/volume] in Serum or Plasma,
3028167,9444,24467-3,,CD3+CD4+ (T4 helper) cells [#/volume] in Blood,
3028192,8636,2467-9,,IgG subclass 2 [Mass/volume] in Serum,
3028570,44777606,11706-9,,Aortic valve Peak systolic flow by US.doppler,
3028638,8749,14629-0,,Bilirubin.direct [Moles/volume] in Serum or Plasma,
3028850,0,42216-2,,Referral lab name [Identifier],
3029071,8554,42246-9,,Hemoglobin F/Hemoglobin.total in Blood by HPLC,
3029435,8725,33763-4,,Natriuretic peptide.B prohormone N-Terminal [Moles/volume] in Serum or Plasma,
3029483,0,32677-7,,DNA double strand Ab [Units/volume] in Serum by Immunoassay,
3029713,8636,51435-6,,Protein.monoclonal band 1 [Mass/volume] in Serum or Plasma by Electrophoresis,
3030057,8748,33782-4,,Retinol binding protein [Mass/volume] in Urine,
3030091,0,49701-6,,pH of Blood adjusted to patient's actual temperature,
3030207,0,50978-6,,Lambda light chains.free [Presence] in Serum by Immunofixation,
3030408,8729,50140-3,,3-Methoxytyramine [Moles/volume] in Serum or Plasma,
3031847,0,41867-3,,von Willebrand factor (vWf) Ag [Units/volume] in Platelet poor plasma,
3031973,8554,42244-4,,Hemoglobin A/Hemoglobin.total in Blood by HPLC,
3032080,0,34714-6,,INR in Blood by Coagulation assay,
3032567,0,42595-9,,Hepatitis B virus DNA [Units/volume] (viral load) in Serum or Plasma by NAA with probe detection,
3032699,0,49672-9,,Streptococcus pneumoniae DNA [Presence] in Specimen by NAA with probe detection,
3033203,44777602,34705-4,,Carbon dioxide [Partial pressure] adjusted to patient's actual temperature in Blood,
3033386,0,41602-4,,Bacteria [Presence] in Cerebral spinal fluid by Light microscopy,
3033923,8907,11140-1,,Metanephrine [Moles/time] in 24 hour Urine,
3034200,8582,18018-2,,Left ventricular outflow tract Diameter by US,
3034426,8555,5902-2,,Prothrombin time (PT),
3034708,0,19048-8,,Nucleated erythrocytes/100 leukocytes [Ratio] in Blood,
3034717,0,32218-0,,Cyclic citrullinated peptide Ab [Units/volume] in Serum by Immunoassay,
3034780,0,2742-5,,Angiotensin converting enzyme [Enzymatic activity/volume] in Serum or Plasma,
3034860,8751,36916-5,,Kappa light chains.free [Mass/volume] in Serum,
3035350,0,2514-8,,Ketones [Presence] in Urine by Test strip,
3035613,0,3237-5,,Coagulation factor XIII activated [Units/volume] in Platelet poor plasma by Coagulation assay,
3035637,0,2141-0,,Corticotropin [Mass/volume] in Plasma,
3035797,8636,35559-4,,Protein.monoclonal band 2 [Mass/volume] in Serum or Plasma by Electrophoresis,
3035941,8564,28539-5,,MCH [Entitic mass],
3035995,8923,6768-6,,Alkaline phosphatase [Enzymatic activity/volume] in Serum or Plasma,
3035999,8753,2520-5,,Lactate [Moles/volume] in Cerebral spinal fluid,
3036243,8753,2821-7,,Potassium [Moles/volume] in Body fluid,
3036309,8749,15009-4,,5-Hydroxyindoleacetate [Moles/volume] in Urine,
3036481,0,14675-3,,Cortisol [Moles/volume] in Serum or Plasma,
3036481,8736,14675-3,,Cortisol [Moles/volume] in Serum or Plasma,
3036535,8748,3013-0,,Thyroglobulin [Mass/volume] in Serum or Plasma,
3037081,8923,30239-8,,Aspartate aminotransferase [Enzymatic activity/volume] in Serum or Plasma by With P-5'-P,
3037121,8636,2888-6,,Protein [Mass/volume] in Urine,
3037208,9483,17977-0,,Left atrial Area by US.2D.A4C,
3037329,0,36923-1,,Epstein Barr virus DNA [#/volume] (viral load) in Blood by NAA with probe detection,
3037426,0,5818-0,,Urobilinogen [Presence] in Urine by Test strip,
3037459,8749,25386-4,,Creatinine [Moles/volume] in Body fluid,
3037486,8582,18169-3,,Aortic valve Blood velocity-time integral by US.doppler,
3037551,8923,10334-1,,Cancer Ag 125 [Units/volume] in Serum or Plasma,
3037653,8554,42245-1,,Hemoglobin A2/Hemoglobin.total in Blood by HPLC,
3037756,0,25700-6,,Immunofixation for Serum or Plasma,
3038288,0,40982-1,,Influenza virus B RNA [Presence] in Specimen by NAA with probe detection,
3038404,44777612,40486-3,,Protein/Creatinine [Ratio] in 24 hour Urine,
3039578,8907,40409-5,,3-Methoxytyramine [Moles/time] in 24 hour Urine,
3040168,0,51584-1,,Immature granulocytes [#/volume] in Blood,
3041934,0,53222-6,,Coagulation factor XI activated [Units/volume] in Platelet poor plasma by Coagulation assay,
3042349,8554,40824-5,,von Willebrand factor (vWf) cleaving protease inhibitor [Units/volume] in Platelet poor plasma,
3043151,0,32644-7,,Coxiella burnetii phase 1 IgG Ab [Presence] in Serum,
3044254,0,40988-8,,Respiratory syncytial virus RNA [Presence] in Specimen by NAA with probe detection,
3044495,0,43408-4,,Bacteria identified in Tissue by Culture,
3044624,9332,34589-2,,von Willebrand factor (vWf) cleaving protease [Presence] in Platelet poor plasma,
3044644,8736,34146-1,,Neopterin [Moles/volume] in Cerebral spinal fluid,
3044904,0,34163-6,,Oxygen content in Blood,
3044904,8753,34163-6,,Oxygen content in Blood,
3044938,0,34487-9,,Influenza virus A RNA [Presence] in Specimen by NAA with probe detection,
3045191,8749,34347-5,,Normetanephrine [Moles/volume] in Urine,
3045317,44777656,44924-9,,Normetanephrine/Creatinine [Molar ratio] in 24 hour Urine,
3045958,8923,44910-8,,Alpha-1-Fetoprotein [Units/volume] in Body fluid,
3046044,44777652,33354-2,,N-acetyl-beta-glucosaminidase [Enzymatic activity/volume] in Urine,
3046071,8923,45194-8,,Choriogonadotropin.intact+Beta subunit [Units/volume] in Serum or Plasma,
3046110,0,43928-1,,Coxiella burnetii phase 2 IgM Ab [Presence] in Serum by Immunofluorescence,
3046299,8636,33358-3,,Protein.monoclonal [Mass/volume] in Serum or Plasma by Electrophoresis,
3046538,0,46128-5,,Tissue transglutaminase IgA Ab [Units/volume] in Serum by Immunoassay,
3046760,0,44099-0,,Galactomannan Ag [Presence] in Serum or Plasma by Immunoassay,
3046904,8748,33858-2,,Somatotropin [Units/volume] in Serum or Plasma,
3047169,8751,33944-0,,Lambda light chains.free [Mass/volume] in Serum or Plasma,
3047181,0,32693-4,,Lactate [Moles/volume] in Blood,
3047181,8753,32693-4,,Lactate [Moles/volume] in Blood,
3047350,0,44555-1,,Kappa light chains.free [Presence] in Serum by Immunofixation,
3048689,8720,38445-3,,Calprotectin [Mass/mass] in Stool,
3048878,0,48848-6,,Coxiella burnetii phase 1 IgA Ab [Titer] in Serum by Immunofluorescence,
3049126,8751,48498-0,,Amyloid A [Mass/volume] in Serum or Plasma,
3049398,0,46266-3,,Myeloperoxidase Ab [Units/volume] in Serum by Immunoassay,
3049714,8748,47255-5,,Procollagen type I.N-terminal propeptide [Mass/volume] in Serum,
3049863,0,48719-9,,Coxiella burnetii phase 2 IgG Ab [Presence] in Serum by Immunofluorescence,
3050100,44777656,48381-8,,3-Methoxytyramine/Creatinine [Molar ratio] in 24 hour Urine,
3050446,0,48720-7,,Coxiella burnetii phase 1 IgG Ab [Presence] in Serum by Immunofluorescence,
3050479,8554,38518-7,,Immature granulocytes/100 leukocytes in Blood,
3051339,8749,47100-3,,Copper [Moles/volume] in Blood,
3051384,8749,48380-0,,3-Methoxytyramine [Moles/volume] in 24 hour Urine,
3051593,0,46418-0,,INR in Capillary blood by Coagulation assay,
3051669,0,46267-1,,Proteinase 3 Ab [Units/volume] in Serum by Immunoassay,
3051714,0,48065-7,,Fibrin D-dimer FEU [Mass/volume] in Platelet poor plasma,
3052067,0,48508-6,,Measles virus RNA [Presence] in Specimen by NAA with probe detection,
3052662,8636,47600-2,,Ceruloplasmin [Moles/volume] in Serum or Plasma,
3053140,8751,47109-4,,Gentamicin [Moles/volume] in Serum or Plasma,
3053209,0,48378-4,,Kappa light chains.free/Lambda light chains.free [Mass Ratio] in Serum,
3053310,0,48995-5,,N-acetyl-beta-glucosaminidase/Creatinine [Ratio] in Urine,
4152194,0,8480-6,,Systolic blood pressure,
4154790,0,8462-4,,Diastolic blood pressure,
4201235,0,8277-6,,Body surface area (BSA) [Ratio],
4201235,8617,8277-6,,Body surface area (BSA) [Ratio],
4239021,0,8478-0,,Mean blood pressure,
4245997,0,39156-5,,Body mass index (BMI) [Ratio],
4296538,0,35088-4,,Glasgow coma scale,
4302666,0,8310-5,,Body temperature,
4313591,0,9279-1,,Respiratory rate,
4313591,8541,9279-1,,Respiratory rate,
4323687,8876,60985-9,,Central venous pressure (CVP),
4353843,8876,76215-3,,Invasive Systolic blood pressure,
4354253,8876,76213-8,,Invasive Diastolic blood pressure,
21490805,8876,76092-6,,Maximum gradient during systole [Pressure] Aortic valve,
21490991,32738,78185-6,,Mitral valve medial annulus Tissue velocity.E-wave.max by US.tissue doppler,
21490991,44777606,78185-6,,Mitral valve medial annulus Tissue velocity.E-wave.max by US.tissue doppler,
21491101,32738,78186-4,,Mitral valve lateral annulus Tissue velocity.E-wave.max by US.tissue doppler,
21491101,44777606,78186-4,,Mitral valve lateral annulus Tissue velocity.E-wave.max by US.tissue doppler,
21491102,0,78187-2,,Mitral valve medial annulus Tissue velocity.S-wave.max by US.tissue doppler,
21491102,44777606,78187-2,,Mitral valve medial annulus Tissue velocity.S-wave.max by US.tissue doppler,
21492062,8554,78175-7,,Right ventricular Fractional area change by US 2D,
21492066,9483,78179-9,,Mitral valve Orifice area by US.2D+Measured by planimetry,
21492070,0,78188-0,,Mitral valve lateral annulus Tissue velocity.S-wave.max by US.tissue doppler,
21492070,44777606,78188-0,,Mitral valve lateral annulus Tissue velocity.S-wave.max by US.tissue doppler,
21492073,9593,78191-4,,Mitral valve E-wave deceleration time by US.doppler,
21492455,8736,79276-2,,"7,8-Dihydrobiopterin [Moles/volume] in Cerebral spinal fluid",
21493291,0,81386-5,,Mitral valve Maximum E-wave velocity/Tissue velocity.E-wave.max by US.doppler+tissue doppler,
21493291,44777606,81386-5,,Mitral valve Maximum E-wave velocity/Tissue velocity.E-wave.max by US.doppler+tissue doppler,
21493304,8554,81399-8,,Left ventricular Maximum longitudinal strain by US 2D,
21494004,8582,79967-6,,Inferior vena cava Diameter at end expiration by US 2D,
21494006,8582,79969-2,,Interventricular septum Thickness at end diastole by US 2D,
21494032,8587,79995-7,,Left ventricular End-diastolic volume by US.3D.segmentation,
21494037,8587,80000-3,,Left ventricular End-systolic volume by US.3D.segmentation,
21494172,44777606,80029-2,,Left ventricular outflow tract Maximum blood flow velocity during systole by US.doppler,
21494178,8587,80035-9,,Left ventricular Stroke volume by US.3D.segmentation,
21494191,8554,80056-5,,Mitral valve Regurgitant fraction by US.doppler+Calculated by PISA method,
21494194,8582,80059-9,,Mitral valve PISA radius during systole [Length] by US.2D+doppler,
21494310,44777606,80066-4,,Mitral valve Maximum A-wave velocity by US.doppler,
21494313,9483,80069-8,,Mitral valve Effective orifice area during diastole by US.doppler pressure half time,
37020250,0,92491-0,,little c Ag inferred phenotype [Presence] in Blood or Tissue by Molecular genetics method,
37020923,0,92513-1,,C Ag inferred phenotype [Presence] in Blood or Tissue by Molecular genetics method,
37021365,0,92496-9,,K Ag inferred phenotype [Presence] in Blood or Tissue by Molecular genetics method,
37021375,0,92490-2,,little e Ag inferred phenotype [Presence] in Blood or Tissue by Molecular genetics method,
37021506,0,92506-5,,E Ag inferred phenotype [Presence] in Blood or Tissue by Molecular genetics method,
40757349,0,54218-3,,CD3+CD4+ (T4 helper) cells/CD3+CD8+ (T8 suppressor cells) cells [# Ratio] in Blood,
40759659,0,56539-0,,Intrinsic factor Ab [Units/volume] in Serum by Immunoassay,
40759747,8751,56628-1,,Amikacin [Moles/volume] in Serum or Plasma,
40759807,0,56688-5,,IgD [Units/volume] in Serum,
40762338,8736,59247-7,,Tetrahydrobiopterin [Moles/volume] in Cerebral spinal fluid,
40762352,9579,59261-8,,Hemoglobin A1c/Hemoglobin.total in Blood by IFCC protocol,
40762485,0,59394-7,,Glomerular basement membrane Ab [Units/volume] in Serum by Immunoassay,
40763313,0,60258-1,,Bacteria identified in Bone marrow by Culture,
40764996,8636,62235-7,,Albumin [Moles/volume] in Serum or Plasma by Bromocresol green (BCG) dye binding method,
42529424,8582,82339-3,,Aorta.sinotubular junction Diameter by US 2D,
42868678,8753,70204-3,,Cholesterol non HDL [Moles/volume] in Serum or Plasma,
42869450,8554,71693-6,,Platelets reticulated/100 platelets in Blood by Automated count,
42869613,8554,71858-5,,Hemoglobin S/Hemoglobin.total [Pure mass fraction] in Blood by HPLC,
42869844,0,72089-6,,Total score [NIH Stroke Scale],
43533853,0,73830-2,,Fall risk assessment,
44816708,0,74816-0,,Bacteria identified in Eye by Anaerobe+Aerobe culture,
44817158,0,75269-1,,Bacteria identified in Genital specimen by Anaerobe+Aerobe culture,
46236797,8582,77903-3,,Tricuspid valve annulus Excursion distance during systole by US.M-mode,
46236798,8587,77904-1,,Left atrial End-systolic volume by US.2D+Calculated by modified Simpson method,
46236798,44777662,77904-1,,Left atrial End-systolic volume by US.2D+Calculated by modified Simpson method,
46236802,8582,77908-2,,Aortic valve Vena contracta diameter by US.doppler,
46236807,8582,77913-2,,Mitral valve Vena contracta diameter by US.doppler,
46236811,8582,77917-3,,Tricuspid valve Vena contracta diameter by US.doppler,
46236952,0,77147-7,,"Glomerular filtration rate/1.73 sq M.predicted [Volume Rate/Area] in Serum, Plasma or Blood by Creatinine-based formula (MDRD)",
46236952,8795,77147-7,,"Glomerular filtration rate/1.73 sq M.predicted [Volume Rate/Area] in Serum, Plasma or Blood by Creatinine-based formula (MDRD)",
46237003,0,77161-8,,Prothrombin activity [Units/volume] in Platelet poor plasma by Coagulation assay --immediately after addition of factor II depleted plasma,
